InvoiceNo,Description,Quantity,InvoiceDate,UnitPrice,CustomerID,City
536365,WHITE HANGING HEART T-LIGHT HOLDER,6.0,12/01/10 08.26,29000,17850,Surabaya
536366,WHITE METAL LANTERN,6.0,12/01/10 08.26,41000,17850,Surabaya
536367,CREAM CUPID HEARTS COAT HANGER,8.0,12/01/10 08.26,18000,17850,Surabaya
536368,KNITTED UNION FLAG HOT WATER BOTTLE,6.0,12/01/10 08.26,38000,17850,Jakarta
536369,RED WOOLLY HOTTIE WHITE HEART.,6.0,12/01/10 08.26,27000,17850,Medan
536370,SET 7 BABUSHKA NESTING BOXES,2.0,12/01/10 08.26,24000,17850,Jakarta
536371,GLASS STAR FROSTED T-LIGHT HOLDER,6.0,12/01/10 08.26,26000,17850,Medan
536372,HAND WARMER UNION JACK,6.0,12/01/10 08.28,44000,17850,Medan
536373,HAND WARMER RED POLKA DOT,6.0,12/01/10 08.28,28000,17850,Surabaya
536374,ASSORTED COLOUR BIRD ORNAMENT,32.0,12/01/10 08.34,17000,13047,Jakarta
536375,POPPY'S PLAYHOUSE BEDROOM,6.0,12/01/10 08.34,30000,13047,Jakarta
536376,POPPY'S PLAYHOUSE KITCHEN,6.0,12/01/10 08.34,33000,13047,Medan
536377,FELTCRAFT PRINCESS CHARLOTTE DOLL,8.0,12/01/10 08.34,40000,13047,Jakarta
536378,IVORY KNITTED MUG COSY,6.0,12/01/10 08.34,16000,13047,Medan
536379,BOX OF 6 ASSORTED COLOUR TEASPOONS,6.0,12/01/10 08.34,42000,13047,Medan
536380,BOX OF VINTAGE JIGSAW BLOCKS,3.0,12/01/10 08.34,42000,13047,Jakarta
536381,BOX OF VINTAGE ALPHABET BLOCKS,2.0,12/01/10 08.34,25000,13047,Surabaya
536382,HOME BUILDING BLOCK WORD,3.0,12/01/10 08.34,17000,13047,Surabaya
536383,LOVE BUILDING BLOCK WORD,3.0,12/01/10 08.34,38000,13047,Jakarta
536384,RECIPE BOX WITH METAL HEART,4.0,12/01/10 08.34,29000,13047,Surabaya
536385,DOORMAT NEW ENGLAND,4.0,12/01/10 08.34,32000,13047,Jakarta
536386,JAM MAKING SET WITH JARS,6.0,12/01/10 08.34,22000,13047,Surabaya
536387,RED COAT RACK PARIS FASHION,3.0,12/01/10 08.34,28000,13047,Surabaya
536388,YELLOW COAT RACK PARIS FASHION,3.0,12/01/10 08.34,19000,13047,Surabaya
536389,BLUE COAT RACK PARIS FASHION,3.0,12/01/10 08.34,35000,13047,Jakarta
536390,BATH BUILDING BLOCK WORD,3.0,12/01/10 08.35,41000,13047,Surabaya
536391,ALARM CLOCK BAKELIKE PINK,24.0,12/01/10 08.45,28000,12583,Medan
536392,ALARM CLOCK BAKELIKE RED,24.0,12/01/10 08.45,45000,12583,Jakarta
536393,ALARM CLOCK BAKELIKE GREEN,12.0,12/01/10 08.45,28000,12583,Medan
536394,PANDA AND BUNNIES STICKER SHEET,12.0,12/01/10 08.45,30000,12583,Jakarta
536395,STARS GIFT TAPE,24.0,12/01/10 08.45,22000,12583,Medan
536396,INFLATABLE POLITICAL GLOBE,48.0,12/01/10 08.45,41000,12583,Medan
536397,VINTAGE HEADS AND TAILS CARD GAME,24.0,12/01/10 08.45,40000,12583,Jakarta
536398,SET/2 RED RETROSPOT TEA TOWELS,18.0,12/01/10 08.45,26000,12583,Surabaya
536399,ROUND SNACK BOXES SET OF4 WOODLAND,24.0,12/01/10 08.45,29000,12583,Medan
536400,SPACEBOY LUNCH BOX,24.0,12/01/10 08.45,21000,12583,Surabaya
536401,LUNCH BOX I LOVE LONDON,24.0,12/01/10 08.45,18000,12583,Surabaya
536402,CIRCUS PARADE LUNCH BOX,24.0,12/01/10 08.45,26000,12583,Surabaya
536403,CHARLOTTE BAG DOLLY GIRL DESIGN,20.0,12/01/10 08.45,21000,12583,Jakarta
536404,RED TOADSTOOL LED NIGHT LIGHT,24.0,12/01/10 08.45,29000,12583,Jakarta
536405,SET 2 TEA TOWELS I LOVE LONDON,24.0,12/01/10 08.45,42000,12583,Jakarta
536406,VINTAGE SEASIDE JIGSAW PUZZLES,12.0,12/01/10 08.45,16000,12583,Surabaya
536407,MINI JIGSAW CIRCUS PARADE,24.0,12/01/10 08.45,29000,12583,Jakarta
536408,MINI JIGSAW SPACEBOY,24.0,12/01/10 08.45,37000,12583,Medan
536409,MINI PAINT SET VINTAGE,36.0,12/01/10 08.45,23000,12583,Medan
536410,POSTAGE,3.0,12/01/10 08.45,30000,12583,Surabaya
536411,PAPER CHAIN KIT 50'S CHRISTMAS,80.0,12/01/10 09.00,37000,13748,Medan
536412,HAND WARMER RED POLKA DOT,6.0,12/01/10 09.01,37000,17850,Medan
536413,HAND WARMER UNION JACK,6.0,12/01/10 09.01,43000,17850,Medan
536414,WHITE HANGING HEART T-LIGHT HOLDER,6.0,12/01/10 09.02,23000,17850,Medan
536415,WHITE METAL LANTERN,6.0,12/01/10 09.02,24000,17850,Jakarta
536416,CREAM CUPID HEARTS COAT HANGER,8.0,12/01/10 09.02,30000,17850,Medan
536417,EDWARDIAN PARASOL RED,6.0,12/01/10 09.02,19000,17850,Jakarta
536418,RETRO COFFEE MUGS ASSORTED,6.0,12/01/10 09.02,34000,17850,Surabaya
536419,SAVE THE PLANET MUG,6.0,12/01/10 09.02,35000,17850,Medan
536420,VINTAGE BILLBOARD DRINK ME MUG,6.0,12/01/10 09.02,36000,17850,Medan
536421,VINTAGE BILLBOARD LOVE/HATE MUG,6.0,12/01/10 09.02,21000,17850,Surabaya
536422,WOOD 2 DRAWER CABINET WHITE FINISH,2.0,12/01/10 09.02,44000,17850,Medan
536423,WOOD S/3 CABINET ANT WHITE FINISH,4.0,12/01/10 09.02,25000,17850,Medan
536424,WOODEN PICTURE FRAME WHITE FINISH,6.0,12/01/10 09.02,23000,17850,Medan
536425,WOODEN FRAME ANTIQUE WHITE,6.0,12/01/10 09.02,24000,17850,Surabaya
536426,KNITTED UNION FLAG HOT WATER BOTTLE,6.0,12/01/10 09.02,18000,17850,Surabaya
536427,RED WOOLLY HOTTIE WHITE HEART.,6.0,12/01/10 09.02,19000,17850,Surabaya
536428,SET 7 BABUSHKA NESTING BOXES,2.0,12/01/10 09.02,24000,17850,Medan
536429,GLASS STAR FROSTED T-LIGHT HOLDER,6.0,12/01/10 09.02,28000,17850,Medan
536430,VICTORIAN SEWING BOX LARGE,32.0,12/01/10 09.09,15000,15100,Surabaya
536431,WHITE HANGING HEART T-LIGHT HOLDER,6.0,12/01/10 09.32,35000,17850,Surabaya
536432,WHITE METAL LANTERN,6.0,12/01/10 09.32,16000,17850,Medan
536433,CREAM CUPID HEARTS COAT HANGER,8.0,12/01/10 09.32,30000,17850,Jakarta
536434,EDWARDIAN PARASOL RED,6.0,12/01/10 09.32,40000,17850,Medan
536435,RETRO COFFEE MUGS ASSORTED,6.0,12/01/10 09.32,31000,17850,Jakarta
536436,SAVE THE PLANET MUG,6.0,12/01/10 09.32,29000,17850,Jakarta
536437,VINTAGE BILLBOARD DRINK ME MUG,6.0,12/01/10 09.32,42000,17850,Surabaya
536438,VINTAGE BILLBOARD LOVE/HATE MUG,6.0,12/01/10 09.32,35000,17850,Medan
536439,WOOD 2 DRAWER CABINET WHITE FINISH,2.0,12/01/10 09.32,34000,17850,Medan
536440,WOOD S/3 CABINET ANT WHITE FINISH,4.0,12/01/10 09.32,25000,17850,Jakarta
536441,WOODEN PICTURE FRAME WHITE FINISH,6.0,12/01/10 09.32,43000,17850,Medan
536442,WOODEN FRAME ANTIQUE WHITE,6.0,12/01/10 09.32,36000,17850,Jakarta
536443,KNITTED UNION FLAG HOT WATER BOTTLE,6.0,12/01/10 09.32,33000,17850,Surabaya
536444,RED WOOLLY HOTTIE WHITE HEART.,6.0,12/01/10 09.32,39000,17850,Jakarta
536445,SET 7 BABUSHKA NESTING BOXES,2.0,12/01/10 09.32,42000,17850,Jakarta
536446,GLASS STAR FROSTED T-LIGHT HOLDER,6.0,12/01/10 09.32,18000,17850,Surabaya
536447,HOT WATER BOTTLE TEA AND SYMPATHY,48.0,12/01/10 09.32,18000,15291,Jakarta
536448,RED HANGING HEART T-LIGHT HOLDER,64.0,12/01/10 09.32,29000,15291,Medan
536449,HAND WARMER RED POLKA DOT,6.0,12/01/10 09.34,19000,17850,Surabaya
536450,HAND WARMER UNION JACK,6.0,12/01/10 09.34,43000,17850,Jakarta
536451,JUMBO BAG PINK POLKADOT,10.0,12/01/10 09.37,20000,14688,Surabaya
536452,JUMBO  BAG BAROQUE BLACK WHITE,10.0,12/01/10 09.37,31000,14688,Jakarta
536453,JUMBO BAG CHARLIE AND LOLA TOYS,10.0,12/01/10 09.37,41000,14688,Medan
536454,STRAWBERRY CHARLOTTE BAG,10.0,12/01/10 09.37,31000,14688,Surabaya
536455,RED 3 PIECE RETROSPOT CUTLERY SET,12.0,12/01/10 09.37,45000,14688,Jakarta
536456,BLUE 3 PIECE POLKADOT CUTLERY SET,6.0,12/01/10 09.37,25000,14688,Surabaya
536457,SET/6 RED SPOTTY PAPER PLATES,12.0,12/01/10 09.37,29000,14688,Jakarta
536458,LUNCH BAG RED RETROSPOT,10.0,12/01/10 09.37,30000,14688,Medan
536459,STRAWBERRY LUNCH BOX WITH CUTLERY,6.0,12/01/10 09.37,30000,14688,Medan
536460,LUNCH BOX WITH CUTLERY RETROSPOT,6.0,12/01/10 09.37,17000,14688,Medan
536461,PACK OF 72 RETROSPOT CAKE CASES,120.0,12/01/10 09.37,22000,14688,Jakarta
536462,PACK OF 60 DINOSAUR CAKE CASES,24.0,12/01/10 09.37,35000,14688,Medan
536463,PACK OF 60 PINK PAISLEY CAKE CASES,24.0,12/01/10 09.37,19000,14688,Surabaya
536464,60 TEATIME FAIRY CAKE CASES,24.0,12/01/10 09.37,45000,14688,Surabaya
536465,TOMATO CHARLIE+LOLA COASTER SET,6.0,12/01/10 09.37,37000,14688,Medan
536466,CHARLIE & LOLA WASTEPAPER BIN FLORA,48.0,12/01/10 09.37,27000,14688,Jakarta
536467,RED CHARLIE+LOLA PERSONAL DOORSIGN,96.0,12/01/10 09.37,18000,14688,Surabaya
536468,JUMBO STORAGE BAG SUKI,10.0,12/01/10 09.37,21000,14688,Medan
536469,JUMBO BAG PINK VINTAGE PAISLEY,10.0,12/01/10 09.37,44000,14688,Medan
536470,JAM MAKING SET PRINTED,24.0,12/01/10 09.41,27000,17809,Jakarta
536471,RETROSPOT TEA SET CERAMIC 11 PC,23.0,12/01/10 09.41,21000,15311,Surabaya
536472,GIRLY PINK TOOL SET,5.0,12/01/10 09.41,23000,15311,Medan
536473,JUMBO SHOPPER VINTAGE RED PAISLEY,10.0,12/01/10 09.41,40000,15311,Medan
536474,"AIRLINE LOUNGE,METAL SIGN",2.0,12/01/10 09.41,34000,15311,Medan
536475,WHITE SPOT RED CERAMIC DRAWER KNOB,6.0,12/01/10 09.41,18000,15311,Jakarta
536476,RED DRAWER KNOB ACRYLIC EDWARDIAN,24.0,12/01/10 09.41,17000,15311,Surabaya
536477,CLEAR DRAWER KNOB ACRYLIC EDWARDIAN,24.0,12/01/10 09.41,21000,15311,Medan
536478,PHOTO CLIP LINE,1.0,12/01/10 09.41,18000,15311,Jakarta
536479,FELT EGG COSY CHICKEN,1.0,12/01/10 09.41,36000,15311,Surabaya
536480,PIGGY BANK RETROSPOT,1.0,12/01/10 09.41,24000,15311,Jakarta
536481,SKULL SHOULDER BAG,10.0,12/01/10 09.41,43000,15311,Medan
536482,YOU'RE CONFUSING ME METAL SIGN,3.0,12/01/10 09.41,32000,15311,Jakarta
536483,COOK WITH WINE METAL SIGN,1.0,12/01/10 09.41,17000,15311,Jakarta
536484,GIN + TONIC DIET METAL SIGN,2.0,12/01/10 09.41,36000,15311,Medan
536485,YELLOW BREAKFAST CUP AND SAUCER,1.0,12/01/10 09.41,23000,15311,Medan
536486,PINK BREAKFAST CUP AND SAUCER,1.0,12/01/10 09.41,37000,15311,Surabaya
536487,PAPER CHAIN KIT 50'S CHRISTMAS,4.0,12/01/10 09.41,39000,15311,Surabaya
536488,PAPER CHAIN KIT RETROSPOT,1.0,12/01/10 09.41,29000,15311,Jakarta
536489,SMALL HEART FLOWERS HOOK,6.0,12/01/10 09.41,32000,15311,Jakarta
536490,PHOTO CLIP LINE,3.0,12/01/10 09.41,17000,15311,Surabaya
536491,TEA TIME DES TEA COSY,2.0,12/01/10 09.41,35000,15311,Surabaya
536492,FELT EGG COSY WHITE RABBIT,1.0,12/01/10 09.41,38000,15311,Surabaya
536493,ZINC WILLIE WINKIE  CANDLE STICK,1.0,12/01/10 09.41,26000,15311,Jakarta
536494,CERAMIC CHERRY CAKE MONEY BANK,1.0,12/01/10 09.41,16000,15311,Medan
536495,RETROSPOT LARGE MILK JUG,1.0,12/01/10 09.41,45000,15311,Surabaya
536496,SET OF 6 FUNKY BEAKERS,2.0,12/01/10 09.41,16000,15311,Medan
536497,EDWARDIAN PARASOL BLACK,2.0,12/01/10 09.41,34000,15311,Medan
536498,EDWARDIAN PARASOL NATURAL,2.0,12/01/10 09.41,18000,15311,Medan
536499,CERAMIC STRAWBERRY CAKE MONEY BANK,4.0,12/01/10 09.41,28000,15311,Jakarta
536500,BLUE OWL SOFT TOY,1.0,12/01/10 09.41,41000,15311,Jakarta
536501,BALLOON ART MAKE YOUR OWN FLOWERS,1.0,12/01/10 09.41,30000,15311,Surabaya
536502,RED TOADSTOOL LED NIGHT LIGHT,2.0,12/01/10 09.41,41000,15311,Jakarta
536503,GLASS CLOCHE SMALL,3.0,12/01/10 09.41,27000,15311,Medan
536504,GUMBALL MONOCHROME COAT RACK,36.0,12/01/10 09.41,25000,15311,Surabaya
536505,DOORMAT FANCY FONT HOME SWEET HOME,10.0,12/01/10 09.41,38000,15311,Medan
536506,Discount,1.0,12/01/10 09.41,32000,14527,Surabaya
536507,INFLATABLE POLITICAL GLOBE,12.0,12/01/10 09.45,35000,16098,Medan
536508,VINTAGE SNAKES & LADDERS,8.0,12/01/10 09.45,21000,16098,Surabaya
536509,CHOCOLATE CALCULATOR,12.0,12/01/10 09.45,27000,16098,Surabaya
536510,JUMBO SHOPPER VINTAGE RED PAISLEY,10.0,12/01/10 09.45,42000,16098,Surabaya
536511,RECYCLING BAG RETROSPOT,10.0,12/01/10 09.45,27000,16098,Surabaya
536512,TOY TIDY PINK POLKADOT,50.0,12/01/10 09.45,39000,16098,Medan
536513,ANTIQUE GLASS DRESSING TABLE POT,8.0,12/01/10 09.45,24000,16098,Surabaya
536514,ALARM CLOCK BAKELIKE GREEN,4.0,12/01/10 09.45,31000,16098,Medan
536515,IVORY GIANT GARDEN THERMOMETER,12.0,12/01/10 09.45,19000,16098,Surabaya
536516,3 TIER CAKE TIN GREEN AND CREAM,2.0,12/01/10 09.45,44000,16098,Surabaya
536517,3 TIER CAKE TIN RED AND CREAM,2.0,12/01/10 09.45,31000,16098,Surabaya
536518,SET 3 WICKER OVAL BASKETS W LIDS,4.0,12/01/10 09.45,33000,16098,Surabaya
536519,SET OF 3 COLOURED  FLYING DUCKS,-1.0,12/01/10 09.49,22000,15311,Medan
536520,WOOD BLACK BOARD ANT WHITE FINISH,3.0,12/01/10 09.53,29000,18074,Surabaya
536521,COLOUR GLASS T-LIGHT HOLDER HANGING,48.0,12/01/10 09.53,22000,18074,Surabaya
536522,HANGING METAL HEART LANTERN,12.0,12/01/10 09.53,18000,18074,Surabaya
536523,HANGING MEDINA LANTERN SMALL,6.0,12/01/10 09.53,25000,18074,Jakarta
536524,NATURAL SLATE HEART CHALKBOARD,12.0,12/01/10 09.53,28000,18074,Surabaya
536525,HEART OF WICKER SMALL,40.0,12/01/10 09.53,31000,18074,Medan
536526,HEART OF WICKER LARGE,40.0,12/01/10 09.53,16000,18074,Surabaya
536527,WHITE LOVEBIRD LANTERN,6.0,12/01/10 09.53,15000,18074,Jakarta
536528,CLASSIC METAL BIRDCAGE PLANT HOLDER,2.0,12/01/10 09.53,34000,18074,Medan
536529,CREAM HEART CARD HOLDER,4.0,12/01/10 09.53,42000,18074,Surabaya
536530,ENAMEL FLOWER JUG CREAM,3.0,12/01/10 09.53,38000,18074,Medan
536531,ENAMEL FIRE BUCKET CREAM,6.0,12/01/10 09.53,17000,18074,Jakarta
536532,ENAMEL BREAD BIN CREAM,8.0,12/01/10 09.53,27000,18074,Surabaya
536533,SET 3 WICKER OVAL BASKETS W LIDS,1.0,12/01/10 09.56,38000,17420,Medan
536534,JAM MAKING SET PRINTED,12.0,12/01/10 09.56,16000,17420,Jakarta
536535,JAM MAKING SET WITH JARS,6.0,12/01/10 09.56,43000,17420,Surabaya
536536,JUMBO BAG DOLLY GIRL DESIGN,10.0,12/01/10 09.56,37000,17420,Surabaya
536537,TRADITIONAL CHRISTMAS RIBBONS,12.0,12/01/10 09.56,16000,17420,Medan
536538,ORGANISER WOOD ANTIQUE WHITE,2.0,12/01/10 09.56,29000,17420,Jakarta
536539,LUNCH BAG DOLLY GIRL DESIGN,10.0,12/01/10 09.56,20000,17420,Jakarta
536540,WHITE WIRE EGG HOLDER,36.0,12/01/10 09.57,22000,16029,Jakarta
536541,JUMBO  BAG BAROQUE BLACK WHITE,100.0,12/01/10 09.57,27000,16029,Medan
536542,JUMBO BAG RED RETROSPOT,100.0,12/01/10 09.57,36000,16029,Surabaya
536543,CHILLI LIGHTS,192.0,12/01/10 09.58,26000,16029,Jakarta
536544,LIGHT GARLAND BUTTERFILES PINK,192.0,12/01/10 09.58,43000,16029,Medan
536545,WOODEN OWLS LIGHT GARLAND,192.0,12/01/10 09.58,16000,16029,Medan
536546,FAIRY TALE COTTAGE NIGHTLIGHT,432.0,12/01/10 09.58,39000,16029,Jakarta
536547,RED TOADSTOOL LED NIGHT LIGHT,432.0,12/01/10 09.58,44000,16029,Medan
536548,HOME BUILDING BLOCK WORD,3.0,12/01/10 09.59,41000,16250,Medan
536549,LOVE BUILDING BLOCK WORD,3.0,12/01/10 09.59,34000,16250,Surabaya
536550,DOORMAT FANCY FONT HOME SWEET HOME,2.0,12/01/10 09.59,27000,16250,Medan
536551,HOME SMALL WOOD LETTERS,3.0,12/01/10 09.59,21000,16250,Surabaya
536552,GINGHAM HEART  DOORSTOP RED,3.0,12/01/10 09.59,22000,16250,Surabaya
536553,FIVE HEART HANGING DECORATION,6.0,12/01/10 09.59,41000,16250,Medan
536554,HANGING METAL HEART LANTERN,12.0,12/01/10 09.59,28000,16250,Medan
536555,ASSORTED BOTTLE TOP  MAGNETS,12.0,12/01/10 09.59,21000,16250,Surabaya
536556,FRIDGE MAGNETS US DINER ASSORTED,12.0,12/01/10 09.59,35000,16250,Surabaya
536557,HOMEMADE JAM SCENTED CANDLES,12.0,12/01/10 09.59,45000,16250,Medan
536558,FRIDGE MAGNETS LES ENFANTS ASSORTED,12.0,12/01/10 09.59,29000,16250,Jakarta
536559,ROSE CARAVAN DOORSTOP,4.0,12/01/10 09.59,32000,16250,Jakarta
536560,HEART OF WICKER SMALL,12.0,12/01/10 09.59,19000,16250,Surabaya
536561,5 HOOK HANGER MAGIC TOADSTOOL,12.0,12/01/10 09.59,39000,16250,Medan
536562,CHRISTMAS LIGHTS 10 REINDEER,6.0,12/01/10 10.03,29000,12431,Jakarta
536563,VINTAGE UNION JACK CUSHION COVER,8.0,12/01/10 10.03,38000,12431,Jakarta
536564,VINTAGE HEADS AND TAILS CARD GAME,12.0,12/01/10 10.03,28000,12431,Surabaya
536565,SET OF 3 COLOURED  FLYING DUCKS,6.0,12/01/10 10.03,23000,12431,Jakarta
536566,SET OF 3 GOLD FLYING DUCKS,4.0,12/01/10 10.03,21000,12431,Surabaya
536567,RED RETROSPOT UMBRELLA,6.0,12/01/10 10.03,36000,12431,Surabaya
536568,BLACK/BLUE POLKADOT UMBRELLA,3.0,12/01/10 10.03,33000,12431,Medan
536569,RED DINER WALL CLOCK,2.0,12/01/10 10.03,40000,12431,Medan
536570,ALARM CLOCK BAKELIKE GREEN,4.0,12/01/10 10.03,41000,12431,Medan
536571,ALARM CLOCK BAKELIKE RED,4.0,12/01/10 10.03,38000,12431,Surabaya
536572,BLUE DINER WALL CLOCK,2.0,12/01/10 10.03,38000,12431,Surabaya
536573,IVORY DINER WALL CLOCK,2.0,12/01/10 10.03,21000,12431,Medan
536574,LARGE HEART MEASURING SPOONS,24.0,12/01/10 10.03,43000,12431,Medan
536575,SMALL HEART MEASURING SPOONS,24.0,12/01/10 10.03,38000,12431,Jakarta
536576,CHRISTMAS LIGHTS 10 REINDEER,2.0,12/01/10 10.19,31000,17511,Surabaya
536577,JAM MAKING SET WITH JARS,12.0,12/01/10 10.19,33000,17511,Medan
536578,JAM MAKING SET PRINTED,12.0,12/01/10 10.19,20000,17511,Jakarta
536579,JAM JAR WITH PINK LID,48.0,12/01/10 10.19,26000,17511,Surabaya
536580,JAM JAR WITH GREEN LID,48.0,12/01/10 10.19,41000,17511,Jakarta
536581,ROSE COTTAGE KEEPSAKE BOX,8.0,12/01/10 10.19,39000,17511,Surabaya
536582,HANGING HEART ZINC T-LIGHT HOLDER,144.0,12/01/10 10.19,33000,17511,Surabaya
536583,PAPER CHAIN KIT VINTAGE CHRISTMAS,40.0,12/01/10 10.19,44000,17511,Medan
536584,DISCO BALL CHRISTMAS DECORATION,288.0,12/01/10 10.19,31000,17511,Jakarta
536585,WHITE HANGING HEART T-LIGHT HOLDER,64.0,12/01/10 10.19,20000,17511,Jakarta
536586,SMALL POPCORN HOLDER,100.0,12/01/10 10.19,28000,17511,Medan
536587,LARGE POPCORN HOLDER,50.0,12/01/10 10.19,20000,17511,Surabaya
536588,RETROSPOT LARGE MILK JUG,12.0,12/01/10 10.19,37000,17511,Jakarta
536589,SET/20 RED RETROSPOT PAPER NAPKINS,96.0,12/01/10 10.19,26000,17511,Medan
536590,SET/6 RED SPOTTY PAPER PLATES,96.0,12/01/10 10.19,42000,17511,Medan
536591,SET/6 RED SPOTTY PAPER CUPS,48.0,12/01/10 10.19,43000,17511,Medan
536592,POLKADOT RAIN HAT,144.0,12/01/10 10.19,40000,17511,Medan
536593,DELUXE SEWING KIT,40.0,12/01/10 10.19,42000,17511,Medan
536594,RETROSPOT HEART HOT WATER BOTTLE,24.0,12/01/10 10.19,35000,17511,Surabaya
536595,KNITTED UNION FLAG HOT WATER BOTTLE,24.0,12/01/10 10.19,17000,17511,Jakarta
536596,ENGLISH ROSE HOT WATER BOTTLE,24.0,12/01/10 10.19,39000,17511,Jakarta
536597,PHOTO CUBE,48.0,12/01/10 10.19,25000,17511,Jakarta
536598,HOMEMADE JAM SCENTED CANDLES,96.0,12/01/10 10.19,39000,17511,Jakarta
536599,JUMBO BAG RED RETROSPOT,100.0,12/01/10 10.19,30000,17511,Jakarta
536600,PLASTERS IN TIN CIRCUS PARADE,12.0,12/01/10 10.24,39000,17548,Medan
536601,PACK OF 12 PINK PAISLEY TISSUES,24.0,12/01/10 10.24,26000,17548,Medan
536602,PACK OF 12 BLUE PAISLEY TISSUES,24.0,12/01/10 10.24,33000,17548,Jakarta
536603,PACK OF 12 RED RETROSPOT TISSUES,24.0,12/01/10 10.24,17000,17548,Surabaya
536604,CHICK GREY HOT WATER BOTTLE,12.0,12/01/10 10.24,27000,17548,Surabaya
536605,PLASTERS IN TIN VINTAGE PAISLEY,12.0,12/01/10 10.24,22000,17548,Surabaya
536606,PLASTERS IN TIN SKULLS,24.0,12/01/10 10.24,24000,17548,Surabaya
536607,3 STRIPEY MICE FELTCRAFT,6.0,12/01/10 10.29,19000,13705,Medan
536608,SET OF 6 SOLDIER SKITTLES,4.0,12/01/10 10.29,20000,13705,Surabaya
536609,TRADITIONAL WOODEN SKIPPING ROPE,12.0,12/01/10 10.29,43000,13705,Medan
536610,WOODEN BOX OF DOMINOES,12.0,12/01/10 10.29,22000,13705,Jakarta
536611,RUSTIC  SEVENTEEN DRAWER SIDEBOARD,1.0,12/01/10 10.29,20000,13705,Jakarta
536612,PARTY CONES CARNIVAL ASSORTED,12.0,12/01/10 10.29,34000,13705,Medan
536613,PARTY CONES CANDY ASSORTED,12.0,12/01/10 10.29,21000,13705,Jakarta
536614,PICNIC BASKET WICKER SMALL,4.0,12/01/10 10.29,41000,13705,Jakarta
536615,ASSORTED COLOUR BIRD ORNAMENT,16.0,12/01/10 10.29,44000,13705,Medan
536616,STAR DECORATION PAINTED ZINC,,12/01/10 10.29,43000,13705,Jakarta
536617,RETROSPOT LAMP,,12/01/10 10.37,26000,13747,Jakarta
536618,"FANCY FONT BIRTHDAY CARD,",,12/01/10 10.39,40000,13408,Medan
536619,HAND WARMER UNION JACK,,12/01/10 10.39,28000,13408,Surabaya
536620,HAND WARMER SCOTTY DOG DESIGN,,12/01/10 10.39,21000,13408,Medan
536621,HAND WARMER OWL DESIGN,,12/01/10 10.39,19000,13408,Medan
536622,HAND WARMER RED RETROSPOT,,12/01/10 10.39,41000,13408,Jakarta
536623,RETROSPOT HEART HOT WATER BOTTLE,,12/01/10 10.39,42000,13408,Surabaya
536624,DOG BOWL CHASING BALL DESIGN,,12/01/10 10.39,36000,13408,Surabaya
536625,CLOTHES PEGS RETROSPOT PACK 24,48.0,12/01/10 10.39,20000,13408,Jakarta
536626,HAND OVER THE CHOCOLATE   SIGN,12.0,12/01/10 10.39,23000,13408,Medan
536627,WHITE HANGING HEART T-LIGHT HOLDER,32.0,12/01/10 10.39,23000,13408,Medan
536628,TRAVEL SEWING KIT,20.0,12/01/10 10.39,41000,13408,Surabaya
536629,BLACK HEART CARD HOLDER,8.0,12/01/10 10.47,15000,13767,Jakarta
536630,ASSORTED COLOUR BIRD ORNAMENT,32.0,12/01/10 10.47,31000,13767,Jakarta
536631,PACK OF 60 PINK PAISLEY CAKE CASES,24.0,12/01/10 10.47,23000,13767,Surabaya
536632,60 TEATIME FAIRY CAKE CASES,24.0,12/01/10 10.47,15000,13767,Jakarta
536633,PACK OF 72 RETROSPOT CAKE CASES,24.0,12/01/10 10.47,37000,13767,Surabaya
536634,CHICK GREY HOT WATER BOTTLE,8.0,12/01/10 10.47,22000,13767,Surabaya
536635,SMALL GLASS HEART TRINKET POT,8.0,12/01/10 10.47,31000,13767,Medan
536636,ALARM CLOCK BAKELIKE IVORY,4.0,12/01/10 10.47,25000,13767,Surabaya
536637,ALARM CLOCK BAKELIKE RED,8.0,12/01/10 10.47,32000,13767,Surabaya
536638,ALARM CLOCK BAKELIKE ORANGE,8.0,12/01/10 10.47,19000,13767,Medan
536639,ALARM CLOCK BAKELIKE GREEN,8.0,12/01/10 10.47,20000,13767,Jakarta
536640,HOT WATER BOTTLE TEA AND SYMPATHY,8.0,12/01/10 10.47,27000,13767,Surabaya
536641,HAND WARMER BIRD DESIGN,48.0,12/01/10 10.47,39000,13767,Medan
536642,HAND WARMER SCOTTY DOG DESIGN,48.0,12/01/10 10.47,38000,13767,Medan
536643,WHITE HANGING HEART T-LIGHT HOLDER,6.0,12/01/10 10.51,16000,17850,Jakarta
536644,WHITE METAL LANTERN,6.0,12/01/10 10.51,16000,17850,Jakarta
536645,CREAM CUPID HEARTS COAT HANGER,8.0,12/01/10 10.51,44000,17850,Surabaya
536646,EDWARDIAN PARASOL BLACK,6.0,12/01/10 10.51,26000,17850,Medan
536647,EDWARDIAN PARASOL RED,6.0,12/01/10 10.51,19000,17850,Jakarta
536648,RETRO COFFEE MUGS ASSORTED,6.0,12/01/10 10.51,41000,17850,Surabaya
536649,SAVE THE PLANET MUG,6.0,12/01/10 10.51,21000,17850,Medan
536650,VINTAGE BILLBOARD DRINK ME MUG,6.0,12/01/10 10.51,27000,17850,Jakarta
536651,VINTAGE BILLBOARD LOVE/HATE MUG,6.0,12/01/10 10.51,19000,17850,Surabaya
536652,WOOD 2 DRAWER CABINET WHITE FINISH,2.0,12/01/10 10.51,31000,17850,Medan
536653,WOOD S/3 CABINET ANT WHITE FINISH,4.0,12/01/10 10.51,44000,17850,Jakarta
536654,WOODEN PICTURE FRAME WHITE FINISH,6.0,12/01/10 10.51,17000,17850,Surabaya
536655,WOODEN FRAME ANTIQUE WHITE,12.0,12/01/10 10.51,29000,17850,Jakarta
536656,KNITTED UNION FLAG HOT WATER BOTTLE,6.0,12/01/10 10.51,40000,17850,Medan
536657,RED WOOLLY HOTTIE WHITE HEART.,6.0,12/01/10 10.51,22000,17850,Surabaya
536658,SET 7 BABUSHKA NESTING BOXES,2.0,12/01/10 10.51,17000,17850,Jakarta
536659,IVORY EMBROIDERED QUILT,2.0,12/01/10 10.51,24000,17850,Jakarta
536660,GLASS STAR FROSTED T-LIGHT HOLDER,6.0,12/01/10 10.51,30000,17850,Medan
536661,SET OF 3 BLACK FLYING DUCKS,12.0,12/01/10 10.51,17000,17924,Medan
536662,SET OF 3 COLOURED  FLYING DUCKS,48.0,12/01/10 10.51,43000,17924,Jakarta
536663,PACK OF 12 RED RETROSPOT TISSUES,24.0,12/01/10 10.52,26000,13448,Jakarta
536664,RED RETROSPOT MUG,6.0,12/01/10 10.52,21000,13448,Jakarta
536665,BABUSHKA LIGHTS STRING OF 10,4.0,12/01/10 10.52,30000,13448,Medan
536666,PIGGY BANK RETROSPOT,8.0,12/01/10 10.52,32000,13448,Surabaya
536667,SET 7 BABUSHKA NESTING BOXES,6.0,12/01/10 10.52,18000,13448,Surabaya
536668,DOORMAT FAIRY CAKE,2.0,12/01/10 10.52,17000,13448,Jakarta
536669,HAND WARMER RED RETROSPOT,12.0,12/01/10 10.52,37000,13448,Jakarta
536670,HAND WARMER SCOTTY DOG DESIGN,12.0,12/01/10 10.52,39000,13448,Medan
536671,HAND WARMER OWL DESIGN,12.0,12/01/10 10.52,29000,13448,Surabaya
536672,STRAWBERRY CERAMIC TRINKET BOX,12.0,12/01/10 10.52,45000,13448,Medan
536673,PINK DOUGHNUT TRINKET POT,12.0,12/01/10 10.52,21000,13448,Surabaya
536674,SILK PURSE BABUSHKA PINK,6.0,12/01/10 10.52,22000,13448,Surabaya
536675,HOT WATER BOTTLE TEA AND SYMPATHY,4.0,12/01/10 10.52,39000,13448,Medan
536676,HOT WATER BOTTLE I AM SO POORLY,8.0,12/01/10 10.52,35000,13448,Medan
536677,CHOCOLATE HOT WATER BOTTLE,9.0,12/01/10 10.52,27000,13448,Jakarta
536678,WHITE SKULL HOT WATER BOTTLE,4.0,12/01/10 10.52,27000,13448,Surabaya
536679,SCOTTIE DOG HOT WATER BOTTLE,9.0,12/01/10 10.52,28000,13448,Medan
536680,HAND WARMER RED POLKA DOT,6.0,12/01/10 10.52,25000,17850,Jakarta
536681,HAND WARMER UNION JACK,6.0,12/01/10 10.52,39000,17850,Medan
536682,HOMEMADE JAM SCENTED CANDLES,12.0,12/01/10 10.53,23000,13448,Jakarta
536683,BIRD HOUSE HOT WATER BOTTLE,1.0,12/01/10 11.21,16000,15862,Jakarta
536684,BOUDOIR SQUARE TISSUE BOX,1.0,12/01/10 11.21,20000,15862,Jakarta
536685,SKULLS SQUARE TISSUE BOX,2.0,12/01/10 11.21,35000,15862,Jakarta
536686,PHOTO FRAME CORNICE,1.0,12/01/10 11.21,21000,15862,Jakarta
536687,SILK PURSE BABUSHKA RED,1.0,12/01/10 11.21,43000,15862,Surabaya
536688,PICTURE DOMINOES,1.0,12/01/10 11.21,43000,15862,Jakarta
536689,S/6 SEW ON CROCHET FLOWERS,1.0,12/01/10 11.21,17000,15862,Surabaya
536690,SCANDINAVIAN REDS RIBBONS,2.0,12/01/10 11.21,25000,15862,Surabaya
536691,BALLOONS  WRITING SET,1.0,12/01/10 11.21,23000,15862,Surabaya
536692,JAM MAKING SET PRINTED,4.0,12/01/10 11.21,45000,15862,Medan
536693,LAVENDER INCENSE IN TIN,1.0,12/01/10 11.21,28000,15862,Surabaya
536694,TV DINNER TRAY VINTAGE PAISLEY,1.0,12/01/10 11.21,17000,15862,Jakarta
536695,SET OF 4 ENGLISH ROSE PLACEMATS,2.0,12/01/10 11.21,19000,15862,Jakarta
536696,SET OF 4 ENGLISH ROSE COASTERS,2.0,12/01/10 11.21,44000,15862,Jakarta
536697,TRIPLE PHOTO FRAME CORNICE,2.0,12/01/10 11.21,18000,15862,Medan
536698,FAMILY PHOTO FRAME CORNICE,1.0,12/01/10 11.21,18000,15862,Surabaya
536699,MIRRORED DISCO BALL,1.0,12/01/10 11.21,19000,15862,Surabaya
536700,DISCO BALL ROTATOR BATTERY OPERATED,1.0,12/01/10 11.21,38000,15862,Medan
536701,SILVER LOOKING MIRROR,3.0,12/01/10 11.21,32000,15862,Surabaya
536702,LADIES & GENTLEMEN METAL SIGN,1.0,12/01/10 11.21,30000,15862,Jakarta
536703,METAL SIGN HER DINNER IS SERVED,1.0,12/01/10 11.21,42000,15862,Medan
536704,YOU'RE CONFUSING ME METAL SIGN,,12/01/10 11.21,37000,15862,Jakarta
536705,DOORMAT TOPIARY,,12/01/10 11.21,42000,15862,Jakarta
536706,BATHROOM METAL SIGN,,12/01/10 11.21,32000,15862,Medan
536707,KITCHEN METAL SIGN,,12/01/10 11.21,44000,15862,Jakarta
536708,TOILET METAL SIGN,,12/01/10 11.21,27000,15862,Jakarta
536709,METAL SIGN TAKE IT OR LEAVE IT,,12/01/10 11.21,28000,15862,Medan
536710,I'M ON HOLIDAY METAL SIGN,,12/01/10 11.21,23000,15862,Medan
536711,GROW YOUR OWN BASIL IN ENAMEL MUG,,12/01/10 11.21,27000,15862,Medan
536712,SET/10 PINK POLKADOT PARTY CANDLES,,12/01/10 11.21,28000,15862,Jakarta
536713,SET 20 NAPKINS FAIRY CAKES DESIGN,,12/01/10 11.21,44000,15862,Jakarta
536714,60 TEATIME FAIRY CAKE CASES,,12/01/10 11.21,43000,15862,Medan
536715,SET OF 6 T-LIGHTS SNOWMEN,1.0,12/01/10 11.21,30000,15862,Medan
536716,SET OF 6 T-LIGHTS SANTA,1.0,12/01/10 11.21,38000,15862,Medan
536717,SET OF 9 HEART SHAPED BALLOONS,2.0,12/01/10 11.21,19000,15862,Jakarta
536718,SANDWICH BATH SPONGE,3.0,12/01/10 11.21,36000,15862,Jakarta
536719,APPLE BATH SPONGE,1.0,12/01/10 11.21,23000,15862,Medan
536720,STRAWBERRY BATH SPONGE,1.0,12/01/10 11.21,18000,15862,Jakarta
536721,BLACK PIRATE TREASURE CHEST,2.0,12/01/10 11.21,33000,15862,Medan
536722,STAR PORTABLE TABLE LIGHT,2.0,12/01/10 11.21,41000,15862,Surabaya
536723,SNOWFLAKE PORTABLE TABLE LIGHT,2.0,12/01/10 11.21,41000,15862,Jakarta
536724,PINK OVAL JEWELLED MIRROR,1.0,12/01/10 11.21,32000,15862,Surabaya
536725,RETROSPOT CIGAR BOX MATCHES,1.0,12/01/10 11.21,36000,15862,Medan
536726,COSY HOUR GIANT TUBE MATCHES,2.0,12/01/10 11.21,26000,15862,Jakarta
536727,JAZZ HEARTS PURSE NOTEBOOK,9.0,12/01/10 11.21,43000,15862,Surabaya
536728,LUNCH BAG DOLLY GIRL DESIGN,1.0,12/01/10 11.21,36000,15862,Jakarta
536729,WHITE HANGING HEART T-LIGHT HOLDER,4.0,12/01/10 11.21,18000,15862,Jakarta
536730,CANDLEHOLDER PINK HANGING HEART,3.0,12/01/10 11.21,24000,15862,Jakarta
536731,WOOD 2 DRAWER CABINET WHITE FINISH,1.0,12/01/10 11.21,28000,15862,Surabaya
536732,ASSORTED COLOUR MINI CASES,1.0,12/01/10 11.21,30000,15862,Surabaya
536733,LUNCH BAG RED RETROSPOT,1.0,12/01/10 11.21,25000,15862,Jakarta
536734,LUNCH BAG SPACEBOY DESIGN,2.0,12/01/10 11.21,22000,15862,Jakarta
536735,LUNCH BAG WOODLAND,1.0,12/01/10 11.21,41000,15862,Surabaya
536736,LUNCH BAG PINK POLKADOT,1.0,12/01/10 11.21,24000,15862,Medan
536737,GUMBALL COAT RACK,5.0,12/01/10 11.21,34000,15862,Surabaya
536738,BLUE NEW BAROQUE CANDLESTICK CANDLE,3.0,12/01/10 11.21,20000,15862,Surabaya
536739,PINK NEW BAROQUECANDLESTICK CANDLE,3.0,12/01/10 11.21,19000,15862,Surabaya
536740,FAIRY CAKE FLANNEL ASSORTED COLOUR,9.0,12/01/10 11.21,33000,15862,Jakarta
536741,BREAD BIN DINER STYLE PINK,1.0,12/01/10 11.21,24000,15862,Surabaya
536742,JUMBO BAG CHARLIE AND LOLA TOYS,4.0,12/01/10 11.21,19000,15862,Jakarta
536743,TEA TIME TABLE CLOTH,1.0,12/01/10 11.21,26000,15862,Surabaya
536744,ENGLISH ROSE HOT WATER BOTTLE,1.0,12/01/10 11.21,27000,15862,Jakarta
536745,ENAMEL FIRE BUCKET CREAM,2.0,12/01/10 11.21,33000,15862,Surabaya
536746,PICNIC BASKET WICKER SMALL,2.0,12/01/10 11.21,25000,15862,Surabaya
536747,PAPER CHAIN KIT 50'S CHRISTMAS,40.0,12/01/10 11.22,44000,15513,Surabaya
536748,PAPER CHAIN KIT VINTAGE CHRISTMAS,40.0,12/01/10 11.22,37000,15513,Medan
536749,HOT WATER BOTTLE BABUSHKA,36.0,12/01/10 11.22,35000,15513,Surabaya
536750,HAND WARMER BIRD DESIGN,96.0,12/01/10 11.27,15000,12791,Jakarta
536751,POSTAGE,1.0,12/01/10 11.27,33000,12791,Jakarta
536752,HEART IVORY TRELLIS SMALL,24.0,12/01/10 11.29,39000,16218,Medan
536753,CLEAR DRAWER KNOB ACRYLIC EDWARDIAN,12.0,12/01/10 11.29,17000,16218,Jakarta
536754,PINK DRAWER KNOB ACRYLIC EDWARDIAN,12.0,12/01/10 11.29,16000,16218,Surabaya
536755,GREEN DRAWER KNOB ACRYLIC EDWARDIAN,12.0,12/01/10 11.29,23000,16218,Surabaya
536756,BLUE DRAWER KNOB ACRYLIC EDWARDIAN,12.0,12/01/10 11.29,35000,16218,Surabaya
536757,HEART OF WICKER SMALL,12.0,12/01/10 11.29,18000,16218,Surabaya
536758,SMALL POPCORN HOLDER,36.0,12/01/10 11.29,43000,16218,Medan
536759,SET 6 FOOTBALL CELEBRATION CANDLES,12.0,12/01/10 11.29,17000,16218,Medan
536760,SET OF 6 GIRLS CELEBRATION CANDLES,12.0,12/01/10 11.29,24000,16218,Jakarta
536761,ROMANTIC PINKS RIBBONS,12.0,12/01/10 11.29,38000,16218,Surabaya
536762,BRIGHT BLUES RIBBONS,12.0,12/01/10 11.29,36000,16218,Medan
536763,SCANDINAVIAN REDS RIBBONS,12.0,12/01/10 11.29,38000,16218,Jakarta
536764,CHOCOLATE BOX RIBBONS,12.0,12/01/10 11.29,41000,16218,Medan
536765,PARTY INVITES FOOTBALL,12.0,12/01/10 11.29,21000,16218,Jakarta
536766,PARTY INVITES JAZZ HEARTS,12.0,12/01/10 11.29,19000,16218,Medan
536767,PARTY INVITES SPACEMAN,12.0,12/01/10 11.29,18000,16218,Surabaya
536768,SET OF 3 BUTTERFLY COOKIE CUTTERS,12.0,12/01/10 11.29,2300000,16218,Surabaya
536769,SET OF 3 HEART COOKIE CUTTERS,12.0,12/01/10 11.29,18000,16218,Surabaya
536770,3 PIECE SPACEBOY COOKIE CUTTER SET,12.0,12/01/10 11.29,23000,16218,Medan
536771,PACK OF 72 SKULL CAKE CASES,24.0,12/01/10 11.29,25000,16218,Jakarta
536772,PACK OF 60 SPACEBOY CAKE CASES,24.0,12/01/10 11.29,41000,16218,Surabaya
536773,PACK OF 72 RETROSPOT CAKE CASES,24.0,12/01/10 11.29,35000,16218,Surabaya
536774,72 SWEETHEART FAIRY CAKE CASES,24.0,12/01/10 11.29,32000,16218,Medan
536775,PACK OF 60 DINOSAUR CAKE CASES,24.0,12/01/10 11.29,31000,16218,Surabaya
536776,LUNCH BAG SUKI  DESIGN,10.0,12/01/10 11.29,39000,16218,Jakarta
536777,LUNCH BAG CARS BLUE,10.0,12/01/10 11.29,33000,16218,Jakarta
536778,LUNCH BAG  BLACK SKULL.,10.0,12/01/10 11.29,21000,16218,Medan
536779,HEART IVORY TRELLIS LARGE,24.0,12/01/10 11.29,21000,16218,Jakarta
536780,SET/5 RED RETROSPOT LID GLASS BOWLS,128.0,12/01/10 11.32,38000,14045,Surabaya
536781,WHITE HANGING HEART T-LIGHT HOLDER,8.0,12/01/10 11.33,28000,17850,Medan
536782,WHITE METAL LANTERN,8.0,12/01/10 11.33,39000,17850,Medan
536783,CREAM CUPID HEARTS COAT HANGER,8.0,12/01/10 11.33,42000,17850,Medan
536784,EDWARDIAN PARASOL RED,6.0,12/01/10 11.33,21000,17850,Surabaya
536785,RETRO COFFEE MUGS ASSORTED,6.0,12/01/10 11.33,15000,17850,Surabaya
536786,SAVE THE PLANET MUG,6.0,12/01/10 11.33,25000,17850,Medan
536787,VINTAGE BILLBOARD DRINK ME MUG,6.0,12/01/10 11.33,21000,17850,Medan
536788,VINTAGE BILLBOARD LOVE/HATE MUG,6.0,12/01/10 11.33,15000,17850,Medan
536789,WOOD 2 DRAWER CABINET WHITE FINISH,4.0,12/01/10 11.33,29000,17850,Jakarta
536790,WOOD S/3 CABINET ANT WHITE FINISH,4.0,12/01/10 11.33,42000,17850,Jakarta
536791,WOODEN PICTURE FRAME WHITE FINISH,6.0,12/01/10 11.33,23000,17850,Surabaya
536792,WOODEN FRAME ANTIQUE WHITE,6.0,12/01/10 11.33,40000,17850,Surabaya
536793,KNITTED UNION FLAG HOT WATER BOTTLE,6.0,12/01/10 11.33,16000,17850,Surabaya
536794,RED WOOLLY HOTTIE WHITE HEART.,6.0,12/01/10 11.33,25000,17850,Medan
536795,SET 7 BABUSHKA NESTING BOXES,2.0,12/01/10 11.33,30000,17850,Medan
536796,IVORY EMBROIDERED QUILT,2.0,12/01/10 11.33,39000,17850,Surabaya
536797,GLASS STAR FROSTED T-LIGHT HOLDER,6.0,12/01/10 11.33,40000,17850,Medan
536798,HAND WARMER RED POLKA DOT,6.0,12/01/10 11.34,42000,17850,Medan
536799,HAND WARMER UNION JACK,6.0,12/01/10 11.34,31000,17850,Medan
536800,MAGIC DRAWING SLATE DINOSAUR,24.0,12/01/10 11.41,37000,14307,Surabaya
536801,MAGIC DRAWING SLATE BAKE A CAKE,24.0,12/01/10 11.41,28000,14307,Surabaya
536802,12 PENCILS TALL TUBE SKULLS,12.0,12/01/10 11.41,28000,14307,Surabaya
536803,CHOCOLATE CALCULATOR,12.0,12/01/10 11.41,41000,14307,Medan
536804,RED  HARMONICA IN BOX,12.0,12/01/10 11.41,43000,14307,Surabaya
536805,BLUE HARMONICA IN BOX,12.0,12/01/10 11.41,36000,14307,Medan
536806,SKULLS  WATER TRANSFER TATTOOS,12.0,12/01/10 11.41,16000,14307,Medan
536807,PACK 3 BOXES BIRD PANNETONE,12000.0,12/01/10 11.41,30000,14307,Surabaya
536808,HOT WATER BOTTLE TEA AND SYMPATHY,4.0,12/01/10 11.41,45000,14307,Surabaya
536809,RED WOOLLY HOTTIE WHITE HEART.,4.0,12/01/10 11.41,37000,14307,Surabaya
536810,WHITE SKULL HOT WATER BOTTLE,4000.0,12/01/10 11.41,33000,14307,Medan
536811,3 PIECE SPACEBOY COOKIE CUTTER SET,6.0,12/01/10 11.41,23000,14307,Surabaya
536812,SET OF 20 KIDS COOKIE CUTTERS,12.0,12/01/10 11.41,21000,14307,Surabaya
536813,10 COLOUR SPACEBOY PEN,24.0,12/01/10 11.41,25000,14307,Medan
536814,VICTORIAN GLASS HANGING T-LIGHT,12.0,12/01/10 11.41,38000,14307,Surabaya
536815,SINGLE HEART ZINC T-LIGHT HOLDER,12.0,12/01/10 11.41,24000,14307,Surabaya
536816,RED HANGING HEART T-LIGHT HOLDER,62000.0,12/01/10 11.41,33000,14307,Surabaya
536817,HANGING METAL STAR LANTERN,12.0,12/01/10 11.41,17000,14307,Jakarta
536818,SILVER HANGING T-LIGHT HOLDER,6.0,12/01/10 11.41,41000,14307,Medan
536819,DOORMAT RED RETROSPOT,2.0,12/01/10 11.41,25000,14307,Jakarta
536820,DOORMAT HEARTS,2.0,12/01/10 11.41,29000,14307,Surabaya
536821,NATURAL SLATE RECTANGLE CHALKBOARD,12.0,12/01/10 11.41,33000,14307,Jakarta
536822,LOVEBIRD HANGING DECORATION WHITE,12.0,12/01/10 11.41,23000,14307,Surabaya
536823,ASSORTED COLOUR BIRD ORNAMENT,8.0,12/01/10 11.41,22000,14307,Jakarta
536824,HOME BUILDING BLOCK WORD,3.0,12/01/10 11.41,43000,14307,Medan
536825,LOVE BUILDING BLOCK WORD,3.0,12/01/10 11.41,33000,14307,Medan
536826,PHOTO FRAME CORNICE,8.0,12/01/10 11.41,33000,14307,Jakarta
536827,PENS ASSORTED FUNNY FACE,36.0,12/01/10 11.41,24000,14307,Jakarta
536828,CARD CIRCUS PARADE,12.0,12/01/10 11.41,41000,14307,Jakarta
536829,WRAP COWBOYS,25.0,12/01/10 11.41,27000,14307,Surabaya
536830,AIRLINE BAG VINTAGE TOKYO 78,4.0,12/01/10 11.41,34000,14307,Surabaya
536831,RED RETROSPOT UMBRELLA,3.0,12/01/10 11.41,27000,14307,Surabaya
536832,BLACK/BLUE POLKADOT UMBRELLA,3.0,12/01/10 11.41,39000,14307,Medan
536833,RED 3 PIECE RETROSPOT CUTLERY SET,6.0,12/01/10 11.41,42000,14307,Medan
536834,PACK OF 72 RETROSPOT CAKE CASES,24.0,12/01/10 11.41,25000,14307,Medan
536835,SET OF 72 RETROSPOT PAPER  DOILIES,12.0,12/01/10 11.41,16000,14307,Medan
536836,BLUE COAT RACK PARIS FASHION,3.0,12/01/10 11.41,43000,14307,Medan
536837,PLASTERS IN TIN SKULLS,12.0,12/01/10 11.41,30000,14307,Surabaya
536838,SLEEPING CAT ERASERS,30.0,12/01/10 11.41,35000,14307,Surabaya
536839,CARD BIRTHDAY COWBOY,12.0,12/01/10 11.41,1600000,14307,Medan
536840,PACK 3 BOXES CHRISTMAS PANNETONE,12.0,12/01/10 11.41,4100000,14307,Surabaya
536841,ROTATING SILVER ANGELS T-LIGHT HLDR,6.0,12/01/10 11.41,44000,14307,Surabaya
536842,COSY HOUR GIANT TUBE MATCHES,12.0,12/01/10 11.41,43000,14307,Surabaya
536843,RIBBON REEL MAKING SNOWMEN,10.0,12/01/10 11.41,28000,14307,Jakarta
536844,MINI PAINT SET VINTAGE,36.0,12/01/10 11.41,40000,14307,Surabaya
536845,4 TRADITIONAL SPINNING TOPS,12.0,12/01/10 11.41,16000,14307,Surabaya
536846,SET OF 6 SOLDIER SKITTLES,4.0,12/01/10 11.41,27000,14307,Surabaya
536847,BAG 500g SWIRLY MARBLES,12.0,12/01/10 11.41,19000,14307,Surabaya
536848,5 STRAND GLASS NECKLACE CRYSTAL,3.0,12/01/10 11.45,26000,17908,Medan
536849,WHITE SKULL HOT WATER BOTTLE,1.0,12/01/10 11.45,35000,17908,Jakarta
536850,SCOTTIE DOG HOT WATER BOTTLE,1.0,12/01/10 11.45,27000,17908,Surabaya
536851,SQUARECUSHION COVER PINK UNION FLAG,1.0,12/01/10 11.45,37000,17908,Jakarta
536852,SPACEBOY CHILDRENS EGG CUP,1.0,12/01/10 11.45,29000,17908,Surabaya
536853,CHILDREN'S SPACEBOY MUG,1.0,12/01/10 11.45,43000,17908,Surabaya
536854,HAND WARMER SCOTTY DOG DESIGN,1.0,12/01/10 11.45,33000,17908,Jakarta
536855,FELTCRAFT CUSHION OWL,1.0,12/01/10 11.45,30000,17908,Surabaya
536856,BLACK CANDELABRA T-LIGHT HOLDER,1.0,12/01/10 11.45,36000,17908,Jakarta
536857,TOY TIDY DOLLY GIRL DESIGN,1.0,12/01/10 11.45,24000,17908,Jakarta
536858,SET 12 LAVENDER  BOTANICAL T-LIGHTS,1.0,12/01/10 11.45,17000,17908,Medan
536859,UNION JACK FLAG LUGGAGE TAG,1.0,12/01/10 11.45,33000,17908,Medan
536860,RED HEART LUGGAGE TAG,1.0,12/01/10 11.45,30000,17908,Medan
536861,RED GLASS TASSLE BAG CHARM,1.0,12/01/10 11.45,32000,17908,Jakarta
536862,CLEAR ACRYLIC FACETED BANGLE,1.0,12/01/10 11.45,39000,17908,Jakarta
536863,5 STRAND GLASS NECKLACE CRYSTAL,1.0,12/01/10 11.45,39000,17908,Medan
536771,PACK OF 72 SKULL CAKE CASES,24.0,12/01/10 11.29,25000,16218,Jakarta
536772,PACK OF 60 SPACEBOY CAKE CASES,24.0,12/01/10 11.29,41000,16218,Surabaya
536773,PACK OF 72 RETROSPOT CAKE CASES,24.0,12/01/10 11.29,35000,16218,Surabaya
536774,72 SWEETHEART FAIRY CAKE CASES,24.0,12/01/10 11.29,32000,16218,Medan
536775,PACK OF 60 DINOSAUR CAKE CASES,24.0,12/01/10 11.29,31000,16218,Surabaya
536776,LUNCH BAG SUKI  DESIGN,10.0,12/01/10 11.29,39000,16218,Jakarta
